pos,name
1,Statements and Speeches of Abbot Low Mills
2,Statements and Speeches of Alan Greenspan
3,Statements and Speeches of Alan S. Blinder
4,Statements and Speeches of Alice M. Rivlin
5,Statements and Speeches of Andrew F. Brimmer
6,Statements and Speeches of Anthony M. Santomero
7,Statements and Speeches of Arthur F. Burns
8,Statements and Speeches of Ben S. Bernanke
9,Statements and Speeches of Bruce K. MacLaury
10,Statements and Speeches of C. Canby Balderston
11,Statements and Speeches of Charles I. Plosser
12,Statements and Speeches of Charles Noah Shepardson
13,Statements and Speeches of Chester C. Davis
14,Statements and Speeches of Daniel K. Tarullo
15,Statements and Speeches of Darryl R. Francis
16,Statements and Speeches of David Maher Lilly
17,Statements and Speeches of David P. Eastburn
18,Statements and Speeches of David W. Mullins
19,Statements and Speeches of Delos C. Johns
20,Statements and Speeches of Dennis Lockhart
21,Statements and Speeches of Donald L. Kohn
22,Statements and Speeches of Edward G. Boehne
23,Statements and Speeches of Edward M. Gramlich
24,"Statements and Speeches of Edward Watson Kelley, Jr."
25,Statements and Speeches of E. Gerald Corrigan
26,Statements and Speeches of Eliot J. Swan
27,Statements and Speeches of Elizabeth Ashburn Duke
28,Statements and Speeches of Emmett John Rice
29,Statements and Speeches of Ernest G. Draper
30,Statements and Speeches of Frederick Henry Schultz
31,Statements and Speeches of Frederick L. Deming
32,Statements and Speeches of Frederic S. Mishkin
33,Statements and Speeches of Gary H. Stern
34,Statements and Speeches of George Wilder Mitchell
35,Statements and Speeches of G. H. King
36,Statements and Speeches of G. William Miller
37,Statements and Speeches of Harry A. Shuford
38,Statements and Speeches of Henry Christopher Wallich
39,Statements and Speeches of H. Robert Heller
40,Statements and Speeches of Hugh D. Galusha
41,Statements and Speeches of Jack Guynn
42,"Statements and Speeches of James Kimble Vardaman, Jr."
43,Statements and Speeches of James Louis Robertson
44,Statements and Speeches of Janet L. Yellen
45,Statements and Speeches of J. Charles Partee
46,Statements and Speeches of J. Dewey Daane
47,Statements and Speeches of Jeffrey M. Bucher
48,Statements and Speeches of Jeremy C. Stein
49,Statements and Speeches of Jerome H. Powell
50,Statements and Speeches of Jerry L. Jordan
51,Statements and Speeches of John E. Sheehan
52,Statements and Speeches of John J. Balles
53,Statements and Speeches of John N. Peyton
54,Statements and Speeches of John Patrick LaWare
55,Statements and Speeches of Joseph A. Broderick
56,Statements and Speeches of Karen N. Horn
57,Statements and Speeches of Karl R. Bopp
58,Statements and Speeches of Kevin M. Warsh
59,Statements and Speeches of Lael Brainard
60,Statements and Speeches of Laurence H. Meyer
61,Statements and Speeches of Lawrence Clayton
62,Statements and Speeches of Lawrence K. Roos
63,Statements and Speeches of Lawrence Lindsey
64,Statements and Speeches of Lyle E. Gramley
65,Statements and Speeches of Manuel H. Johnson
66,Statements and Speeches of Mark H. Willes
67,Statements and Speeches of Mark Walter Olson
68,Statements and Speeches of Marriner S. Eccles
69,Statements and Speeches of Martha Romayne Seger
70,Statements and Speeches of Michael Moskow
71,Statements and Speeches of Michelle W. Bowman
72,Statements and Speeches of Monroe Kimbrel
73,Statements and Speeches of M.S. Szymczak
74,Statements and Speeches of Nancy H. Teeters
75,Statements and Speeches of Oliver S. Powell
76,Statements and Speeches of Patrick T. Harker
77,Statements and Speeches of Paul A. Volcker
78,"Statements and Speeches of Philip Chappell Jackson, Jr."
79,Statements and Speeches of Philip E. Coldwell
80,Statements and Speeches of Preston Martin
81,Statements and Speeches of Randal K. Quarles
82,Statements and Speeches of Randy Kroszner
83,Statements and Speeches of Ray M. Gidney
84,Statements and Speeches of Richard H. Clarida
85,Statements and Speeches of Richard W. Fisher
86,Statements and Speeches of Robert C. Holland
87,Statements and Speeches of Robert D. McTeer Jr.
88,Statements and Speeches of Robert P. Forrestal
89,Statements and Speeches of Robert S. Kaplan
90,Statements and Speeches of Robert T. Parry
91,"Statements and Speeches of Roger Walton Ferguson, Jr."
92,Statements and Speeches of Ronald Ransom
93,Statements and Speeches of Rudolph M. Evans
94,Statements and Speeches of Sandra Pianalto
95,Statements and Speeches of Sarah Bloom Raskin
96,Statements and Speeches of Sherman J. Maisel
97,Statements and Speeches of Stanley Fischer
98,Statements and Speeches of Stephen Symmes Gardner
99,Statements and Speeches of Susan M. Phillips
100,Statements and Speeches of Susan Schmidt Bies
101,Statements and Speeches of Theodore H. Roberts
102,Statements and Speeches of Thomas B. McCabe
103,Statements and Speeches of Thomas C. Melzer
104,Statements and Speeches of Wayne D. Angell
105,Statements and Speeches of W. Braddock Hickman
106,Statements and Speeches of Wilbur D. Fulton
107,"Statements and Speeches of William McChesney Martin, Jr."
108,"Statements and Speeches of William McChesney Martin, Sr."
109,Statements and Speeches of William Poole
110,Statements and Speeches of William W. Sherrill
111,Statements and Speeches of Willis J. Winn
112,Statements and Speeches of W. Lee Hoskins